"id","subject","journal","author","author_affiliate","author_notes"
"10.1371/journal.pone.0126362","/Research and analysis methods/Imaging techniques/Diagnostic radiology/Tomography; /Research and analysis methods/Imaging techniques/Diagnostic radiology/Magnetic resonance imaging/Functional magnetic resonance imaging; /Medicine and health sciences/Radiology and imaging/Diagnostic radiology/Tomography; /Research and analysis methods/Imaging techniques/Neuroimaging/Functional magnetic resonance imaging; /Biology and life sciences/Anatomy/Ocular system/Eyes; /Biology and life sciences/Anatomy/Ocular system/Ocular anatomy; /Biology and life sciences/Behavior/Animal behavior/Animal signaling and communication; /Medicine and health sciences/Diagnostic medicine/Diagnostic radiology/Tomography; /Biology and life sciences/Anatomy/Brain/Visual cortex; /Medicine and health sciences/Anatomy/Ocular system/Ocular anatomy; /Medicine and health sciences/Ophthalmology/Eye diseases/Glaucoma; /Medicine and health sciences/Radiology and imaging/Diagnostic radiology/Magnetic resonance imaging/Functional magnetic resonance imaging; /Medicine and health sciences/Anatomy/Ocular system/Eyes; /Medicine and health sciences/Anatomy/Head/Eyes; /Biology and life sciences/Zoology/Animal behavior/Animal signaling and communication; /Medicine and health sciences/Diagnostic medicine/Diagnostic radiology/Magnetic resonance imaging/Functional magnetic resonance imaging; /Biology and life sciences/Neuroscience/Neuroimaging/Functional magnetic resonance imaging; /Biology and life sciences/Anatomy/Head/Eyes; /Medicine and health sciences/Ophthalmology/Eye diseases; /Medicine and health sciences/Anatomy/Brain/Visual cortex; /Biology and life sciences/Neuroscience/Brain mapping/Functional magnetic resonance imaging","PLOS ONE","Vanessa M Gerente; Ruth R Schor; Khallil T Chaim; Marcelo de Maria Felix; Dora F Ventura; Sergio H Teixeira; Claudio L Lottenberg; Edson Amaro; Augusto Paranhos","Ophthalmology Department, Federal University of São Paulo, São Paulo, Brazil; Hospital Israelita Albert Einstein, São Paulo, Brazil; Experimental Psychology Department, Institute of Psychology, University of São Paulo, São Paulo, Brazil","Conceived and designed the experiments: MMF CLL EA AP. Performed the experiments: VMG RRS KTC AP EA. Analyzed the data: VMG SHT AP. Contributed reagents/materials/analysis tools: EA MMF. Wrote the paper: VMG DFV AP EA."
"10.1371/journal.pone.0003284","/Biology and life sciences/Genetics/Genomics/Genome analysis/Genetic networks; /Biology and life sciences/Organisms/Fungi/Yeast/Saccharomyces/Saccharomyces cerevisiae; /Computer and information sciences/Network analysis/Protein interaction networks; /Biology and life sciences/Molecular biology/Molecular biology techniques/Gene mapping; /Computer and information sciences/Network analysis/Genetic networks; /Physical sciences/Mathematics/Approximation methods; /Biology and life sciences/Genetics/Phenotypes; /Biology and life sciences/Biochemistry/Proteomics/Protein interaction networks; /Biology and life sciences/Genetics/Gene identification and analysis/Genetic interactions; /Research and analysis methods/Model organisms/Yeast and fungal models/Saccharomyces cerevisiae; /Biology and life sciences/Genetics/Gene identification and analysis/Genetic screens; /Biology and life sciences/Computational biology/Genome analysis/Genetic networks; /Research and analysis methods/Molecular biology techniques/Gene mapping","PLoS ONE","Aki P Järvinen; Jukka Hiissa; Laura L Elo; Tero Aittokallio","Biomathematics Research Group, Department of Mathematics, University of Turku, Turku, Finland; Data Mining Research Group, Turku Centre for Biotechnology, Turku, Finland","Conceived and designed the experiments: APJ LLE TA. Performed the experiments: APJ TA. Analyzed the data: APJ JH. Wrote the paper: APJ JH LLE TA."
"10.1371/journal.pone.0103861","/Medicine and health sciences/Anatomy/Endocrine system/Adrenal cortex; /Research and analysis methods/Specimen preparation and treatment/Staining/Cell staining; /Medicine and health sciences/Anatomy/Endocrine system/Adrenal glands; /Biology and life sciences/Anatomy/Endocrine system/Adrenal cortex; /Biology and life sciences/Cell biology/Signal transduction/Transmembrane receptors/Acetylcholine receptors/Nicotinic acetylcholine receptors; /Biology and life sciences/Cell biology/Cellular types/Animal cells/Chromaffin cells; /Biology and life sciences/Anatomy/Endocrine system/Adrenal glands; /Biology and life sciences/Immunology/Immune system proteins/Antibodies; /Medicine and health sciences/Physiology/Immune physiology/Antibodies; /Research and analysis methods/Specimen preparation and treatment/Staining/Immunostaining; /Biology and life sciences/Physiology/Immune physiology/Antibodies; /Medicine and health sciences/Immunology/Immune system proteins/Antibodies; /Biology and life sciences/Biochemistry/Proteins/Transmembrane receptors/Acetylcholine receptors/Nicotinic acetylcholine receptors; /Biology and life sciences/Developmental biology/Embryology/Embryos; /Biology and life sciences/Biochemistry/Proteins/Immune system proteins/Antibodies","PLoS ONE","Lorise C Gahring; Elizabeth Myers; Sierra Palumbos; Scott W Rogers","Salt Lake City VA Geriatric Research, Education and Clinical Center, Salt Lake City, Utah, United States of America; Department of Internal Medicine, Division of Geriatrics, University of Utah, Salt Lake City, Utah, United States of America; Department of Neurobiology and Anatomy, University of Utah, Salt Lake City, Utah, United States of America","Conceived and designed the experiments: SWR LCG. Performed the experiments: SP EJM. Analyzed the data: SWR EJM LCG. Contributed reagents/materials/analysis tools: SWR SP EJM LCG. Wrote the paper: SWR LCG."
"10.1371/journal.pone.0113604","/Biology and life sciences/Microbiology/Virology/Viral replication; /Medicine and health sciences/Pathology and laboratory medicine/Pathogens/Microbial pathogens/Viral pathogens/Orthomyxoviruses/Influenza viruses/Influenza A virus/H1N1; /Biology and life sciences/Microbiology/Medical microbiology/Microbial pathogens/Viral pathogens/Orthomyxoviruses/Influenza viruses/Influenza A virus/H1N1; /Medicine and health sciences/Pathology and laboratory medicine/Pathogens/Microbial pathogens/Viral pathogens/Orthomyxoviruses/Influenza viruses; /Biology and life sciences/Microbiology/Medical microbiology/Microbial pathogens/Viral pathogens/Orthomyxoviruses/Influenza viruses; /Biology and life sciences/Organisms/Viruses/Viral pathogens/Orthomyxoviruses/Influenza viruses; /Biology and life sciences/Organisms/Viruses/Viral pathogens/Orthomyxoviruses/Influenza viruses/Influenza A virus/H1N1; /Research and analysis methods/Extraction techniques/RNA extraction; /Medicine and health sciences/Pulmonology/Respiratory infections; /Biology and life sciences/Organisms/Viruses/RNA viruses/Orthomyxoviruses/Influenza viruses; /Biology and life sciences/Microbiology/Medical microbiology/Microbial pathogens/Viral pathogens/Orthomyxoviruses/Influenza viruses/Influenza A virus; /Research and analysis methods/Model organisms/Animal models/Mouse models; /Medicine and health sciences/Pathology and laboratory medicine/Pathogens/Microbial pathogens/Viral pathogens/Orthomyxoviruses/Influenza viruses/Influenza A virus; /Biology and life sciences/Organisms/Viruses/RNA viruses/Orthomyxoviruses/Influenza viruses/Influenza A virus/H1N1; /Biology and life sciences/Organisms/Viruses/RNA viruses/Orthomyxoviruses/Influenza viruses/Influenza A virus; /Medicine and health sciences/Infectious diseases/Infectious disease control; /Biology and life sciences/Organisms/Viruses/Viral pathogens/Orthomyxoviruses/Influenza viruses/Influenza A virus","PLoS ONE","Li Gao; Yipeng Sun; Jianyong Si; Jinhua Liu; Guibo Sun; Xiaobo Sun; Li Cao","Institute of Medicinal Plant Development, Chinese Academy of Medical Sciences and Peking Union Medical College, Beijing, China; Key Laboratory of Animal Epidemiology and Zoonosis, Ministry of Agriculture, College of Veterinary Medicine, China Agricultural University, Beijing, China","Conceived and designed the experiments: LG YS LC. Performed the experiments: LG YS. Analyzed the data: LG LC. Contributed reagents/materials/analysis tools: JL GS XS JS. Wrote the paper: LG LC."
"10.1371/journal.pone.0113516","/Biology and life sciences/Genetics/Epigenetics/Chromatin/Nucleosomes; /Biology and life sciences/Genetics/Gene expression/Chromatin; /Biology and life sciences/Cell biology/Chromosome biology/Chromosomes/Chromosome structure and function/Telomeres; /Biology and life sciences/Genetics/Gene expression/Chromatin/Nucleosomes; /Biology and life sciences/Genetics/Epigenetics; /Biology and life sciences/Genetics/Gene expression; /Biology and life sciences/Organisms/Fungi/Yeast/Saccharomyces/Saccharomyces cerevisiae; /Physical sciences/Mathematics/Systems science/Nonlinear systems; /Research and analysis methods/Model organisms/Yeast and fungal models/Saccharomyces cerevisiae; /Biology and life sciences/Cell biology/Chromosome biology/Chromatin/Nucleosomes; /Biology and life sciences/Biochemistry/Proteins/DNA-binding proteins/Histones; /Biology and life sciences/Cell biology/Chromosome biology/Chromatin; /Computer and information sciences/Systems science/Nonlinear systems; /Biology and life sciences/Genetics/Epigenetics/Chromatin","PLoS ONE","Vijayalakshmi H Nagaraj; Swagatam Mukhopadhyay; Adel Dayarian; Anirvan M Sengupta","BioMaPS Institute, Rutgers University, Piscataway, NJ, United States of America; Cold Spring Harbor Laboratory, Cold Spring Harbor, NY, United States of America; Kavli Institute for Theoretical Physics, University of California Santa Barbara, Santa Barbara, CA, United States of America; Department of Physics and Astronomy, Rutgers University, Piscataway, NJ, United States of America","Conceived and designed the experiments: VHN SM AD AMS. Performed the experiments: VHN. Analyzed the data: VHN SM AD AMS. Wrote the paper: VHN SM AD AMS."
"10.1371/journal.pone.0148108","/Physical sciences/Chemistry/Chemical reactions/Oxidation; /Physical sciences/Chemistry/Chemical compounds/Organic compounds/Amino acids/Sulfur containing amino acids/Methionine; /Physical sciences/Chemistry/Chemical elements/Oxygen; /Biology and life sciences/Biochemistry/Enzymology/Enzymes/Proteases/Serine proteases; /Physical sciences/Chemistry/Chemical compounds/Organic compounds/Carbohydrates/Monosaccharides/Glucose; /Biology and life sciences/Biochemistry/Proteins/Enzymes/Proteases/Serine proteases; /Physical sciences/Chemistry/Chemical compounds/Oxides/Peroxides/Hydrogen peroxide; /Physical sciences/Chemistry/Organic chemistry/Organic compounds/Amino acids/Sulfur containing amino acids/Methionine; /Biology and life sciences/Biochemistry/Peptides; /Physical sciences/Chemistry/Organic chemistry/Organic compounds/Carbohydrates/Monosaccharides/Glucose; /Physical sciences/Chemistry/Chemical compounds/Phosphates; /Biology and life sciences/Biochemistry/Proteins/Amino acids/Sulfur containing amino acids/Methionine","PLOS ONE","Petr Halada; Dagmar Brugger; Jindrich Volc; Clemens K Peterbauer; Christian Leitner; Dietmar Haltrich","Institute of Microbiology of the ASCR, v.v.i., Vídeňská 1083, Prague, Czech Republic; Food Biotechnology Laboratory, BOKU—University of Natural Resources and Life Sciences Vienna, Vienna, Austria; Doctoral Programme BioToP–Molecular Biotechnology of Proteins, BOKU—University of Natural Resources and Life Sciences Vienna, Vienna, Austria","Conceived and designed the experiments: CKP JV PH DH. Performed the experiments: CL DB PH. Analyzed the data: DB JV PH. Contributed reagents/materials/analysis tools: DB PH. Wrote the paper: CKP DH JV PH."
"10.1371/journal.pone.0135708","/Biology and life sciences/Anatomy/Body fluids/Saliva; /Biology and life sciences/Physiology/Physiological processes/Secretion; /Medicine and health sciences/Mental health and psychiatry/Psychological stress; /Biology and life sciences/Physiology/Body fluids/Saliva; /Biology and life sciences/Biochemistry/Hormones/Steroid hormones/Hydrocortisone; /Medicine and health sciences/Physiology/Physiological processes/Secretion; /Research and analysis methods/Mathematical and statistical techniques/Statistical methods/Regression analysis; /Medicine and health sciences/Mental health and psychiatry; /Medicine and health sciences/Anatomy/Body fluids/Saliva; /Social sciences/Psychology/Psychological stress; /Biology and life sciences/Biochemistry/Hormones/Lipid hormones/Hydrocortisone; /Physical sciences/Mathematics/Statistics (mathematics)/Statistical methods/Regression analysis; /Medicine and health sciences/Physiology/Body fluids/Saliva; /Biology and life sciences/Psychology/Psychological stress; /People and places/Demography; /Medicine and health sciences/Oncology/Cancer detection and diagnosis","PLOS ONE","Moniek Janse; Martijn van Faassen; Ido Kema; Ans Smink; Adelita V Ranchor; Joke Fleer; Mirjam A G Sprangers","Department of Health Psychology, University of Groningen, University Medical Center Groningen, Groningen, The Netherlands; Department of Laboratory Medicine, University of Groningen, University Medical Center Groningen, Groningen, The Netherlands; Department of Medical Psychology, University of Amsterdam, Academic Medical Center Amsterdam, Amsterdam, The Netherlands","Analyzed the data: MJ MF. Wrote the paper: MJ MF MAGS AVR JF IK. Data collection: AS."
"10.1371/journal.pone.0124025","/Medicine and health sciences/Surgical and invasive medical procedures/Cardiovascular procedures/Vascular surgery; /Biology and life sciences/Anatomy/Cardiovascular anatomy/Endothelium; /Medicine and health sciences/Critical care and emergency medicine/Trauma medicine/Reperfusion injury; /Medicine and health sciences/Vascular medicine/Ischemia; /Medicine and health sciences/Anatomy/Biological tissue/Epithelium/Epithelial cells/Endothelial cells; /Medicine and health sciences/Anatomy/Cardiovascular anatomy/Endothelium; /Biology and life sciences/Genetics/Gene expression; /Biology and life sciences/Anatomy/Biological tissue/Epithelium/Epithelial cells/Endothelial cells; /Physical sciences/Chemistry/Chemical compounds/Salts/Hypochlorites; /Biology and life sciences/Cell biology/Cellular types/Animal cells/Epithelial cells/Endothelial cells; /Medicine and health sciences/Critical care and emergency medicine/Reperfusion","PLOS ONE","Gábor Veres; Péter Hegedűs; Enikő Barnucz; Raphael Zöller; Stephanie Klein; Harald Schmidt; Tamás Radovits; Sevil Korkmaz; Matthias Karck; Gábor Szabó","Department of Cardiac Surgery, University of Heidelberg, Heidelberg, Germany; Heart Center, Semmelweis University, Budapest, Hungary","Conceived and designed the experiments: GV PH EB RZ S. Klein HS TR S. Korkmaz MK GS. Performed the experiments: GV PH EB RZ S. Klein HS TR S. Korkmaz GS. Analyzed the data: GV PH EB RZ S. Klein HS TR S. Korkmaz MK GS. Contributed reagents/materials/analysis tools: GV PH EB RZ S. Klein TR S. Korkmaz MK GS. Wrote the paper: GV PH TR S. Korkmaz MK GS."
"10.1371/journal.pone.0113675","/Ecology and environmental sciences/Ecology/Ecological metrics/Biomass (ecology); /Biology and life sciences/Zoology/Animal behavior/Grazing; /Biology and life sciences/Organisms/Plants/Algae; /Physical sciences/Materials science/Materials by attribute/Pigments/Organic pigments/Chlorophyll; /Biology and life sciences/Nutrition/Nutrients; /Ecology and environmental sciences/Ecology/Ecosystems/Forests; /Biology and life sciences/Ecology/Ecological metrics/Biomass (ecology); /Biology and life sciences/Plant science/Plant cell biology/Plant cells/Chloroplasts/Chlorophyll; /Biology and life sciences/Plant science/Plant cell biology/Chloroplasts/Chlorophyll; /Biology and life sciences/Organisms/Animals/Invertebrates/Plankton/Phytoplankton/Diatoms; /Biology and life sciences/Cell biology/Cellular structures and organelles/Chloroplasts/Chlorophyll; /Physical sciences/Physics/Energy transfer; /Biology and life sciences/Behavior/Animal behavior/Grazing; /Biology and life sciences/Ecology/Ecosystems/Forests; /Medicine and health sciences/Nutrition/Nutrients; /Biology and life sciences/Organisms/Plants/Algae/Phytoplankton/Diatoms; /Biology and life sciences/Cell biology/Plant cell biology/Plant cells/Chloroplasts/Chlorophyll; /Biology and life sciences/Cell biology/Cellular types/Plant cells/Chloroplasts/Chlorophyll; /Ecology and environmental sciences/Terrestrial environments/Forests; /Biology and life sciences/Cell biology/Plant cell biology/Chloroplasts/Chlorophyll","PLoS ONE","Jūratė Lesutienė; Elena Gorokhova; Daiva Stankevičienė; Eva Bergman; Larry Greenberg","Marine Science and Technology Center, Klaipėda University, Klaipėda, Lithuania; Department of Biology, Karlstad University, Karlstad, Sweden; Department of Applied Environmental Sciences, Stockholm University, Stockholm, Sweden; Institute of Ecology, Nature Research Centre, Vilnius, Lithuania","Conceived and designed the experiments: JL EG LG EB. Performed the experiments: JL. Analyzed the data: JL EG DS. Contributed reagents/materials/analysis tools: JL EG DS LG. Contributed to the writing of the manuscript: JL EG LG EB."
"10.1371/journal.pone.0102819","/Social sciences/Psychology/Sensory perception/Vision; /Biology and life sciences/Neuroscience/Learning and memory/Memory/Object recognition; /Biology and life sciences/Neuroscience/Cognitive science/Cognitive psychology/Perception/Object recognition; /Biology and life sciences/Sports science/Sports; /Physical sciences/Physics/Electromagnetic radiation/Microwave radiation; /Social sciences/Psychology/Sensory perception; /Biology and life sciences/Psychology/Sensory perception/Vision; /Research and analysis methods/Research design/Experimental design; /Biology and life sciences/Behavior/Recreation/Sports; /Biology and life sciences/Neuroscience/Sensory perception/Vision; /Social sciences/Sociology/Education/Schools/Colleges; /People and places/Population groupings/Educational status/Undergraduates; /Biology and life sciences/Psychology/Sensory perception; /Biology and life sciences/Neuroscience/Cognitive science/Cognition/Memory/Object recognition; /Biology and life sciences/Neuroscience/Sensory perception; /Social sciences/Psychology/Cognitive psychology/Perception/Object recognition; /Biology and life sciences/Psychology/Cognitive psychology/Perception/Object recognition","PLoS ONE","Christopher R Gagne; Sean P MacEvoy","Department of Psychology, Boston College, Chestnut Hill, Massachusetts, United States of America","Conceived and designed the experiments: CRG SPM. Performed the experiments: CRG. Analyzed the data: CRG. Wrote the paper: CRG SPM."
"10.1371/journal.pone.0123765","/Medicine and health sciences/Cardiology; /Medicine and health sciences/Public and occupational health/Behavioral and social aspects of health; /Medicine and health sciences/Critical care and emergency medicine; /Research and analysis methods/Research design/Survey research/Questionnaires; /Medicine and health sciences/Critical care and emergency medicine/Resuscitation; /People and places/Population groupings/Professions/Medical doctors/Physicians; /People and places/Demography; /Medicine and health sciences/Critical care and emergency medicine/Trauma medicine/Trauma surgery; /Medicine and health sciences/Surgical and invasive medical procedures/Trauma surgery; /Medicine and health sciences/Health care/Health care providers/Medical doctors/Physicians","PLOS ONE","Hassan Soleimanpour; Wilhelm Behringer; Jafar Sadegh Tabrizi; Kambiz Sarahrudi; Samad E J Golzari; Stefan Hajdu; Maryam Rasouli; Mehdi Nikakhtar; Robab Mehdizadeh Esfanjani","Tabriz Health Services Management Research Center, Tabriz University of Medical Sciences, Tabriz-51664, I.R., Iran; Department of Emergency Medicine, Medical University of Vienna, Vienna General Hospital, Waehringer Guertel 18–20, 1090 Vienna, Austria; Department of Traumatology, Medical University of Vienna, Waehringer Guertel 18–20, A-1090 Vienna, Austria; Cardiovascular Research Center, Tabriz University of Medical Sciences, Tabriz-51664, I.R., Iran; Students’ Research Committee, Tabriz University of Medical Sciences, Tabriz-51664, I.R., Iran; Department of Emergency Medicine, Tabriz University of Medical Sciences, Tabriz-51664, I.R., Iran; Neurosciences Research Center, Tabriz University of Medical Sciences, Tabriz-51664, I.R., Iran","Conceived and designed the experiments: HS WB. Performed the experiments: JST KS SH. Analyzed the data: RME ER. Contributed reagents/materials/analysis tools: MR MN. Wrote the paper: HS WB SG. Critical revisions of the manuscript: WB."
"10.1371/journal.pone.0113586","/Biology and life sciences/Anatomy/Body fluids/Blood/Blood flow; /Medicine and health sciences/Oncology/Cancer treatment; /Biology and life sciences/Physiology/Body fluids/Blood/Blood flow; /Medicine and health sciences/Hematology/Blood/Blood flow; /Biology and life sciences/Physiology/Cardiovascular physiology/Angiogenesis/Tumor angiogenesis; /Medicine and health sciences/Pharmacology/Drugs/Vasodilators; /Medicine and health sciences/Physiology/Cardiovascular physiology/Angiogenesis/Tumor angiogenesis; /Medicine and health sciences/Anatomy/Body fluids/Blood/Blood flow; /Medicine and health sciences/Oncology/Basic cancer research/Tumor physiology/Tumor angiogenesis; /Medicine and health sciences/Oncology/Basic cancer research/Tumor physiology; /Medicine and health sciences/Pharmacology/Routes of administration/Intraperitoneal injections; /Biology and life sciences/Developmental biology/Angiogenesis/Tumor angiogenesis; /Medicine and health sciences/Pulmonology/Medical hypoxia; /Medicine and health sciences/Physiology/Body fluids/Blood/Blood flow; /Medicine and health sciences/Pharmacology/Drugs/Pro-drugs","PLoS ONE","Kate M Bailey; Heather H Cornnell; Arig Ibrahim-Hashim; Jonathan W Wojtkowiak; Charles P Hart; Xiaomeng Zhang; Rafael Leos; Gary V Martinez; Amanda F Baker; Robert J Gillies","Department of Cancer Imaging and Metabolism, H. Lee Moffitt Cancer Center and Research Institute, Tampa, Florida 33612, United States of America; Department of Radiology, H. Lee Moffitt Cancer Center and Research Institute, Tampa, Florida 33612, United States of America; Arizona Cancer Center, Hematology/Oncology Section, College of Medicine, University of Arizona, Tucson, Arizona 85724, United States of America; Threshold Pharmaceuticals, South San Francisco, California 94080, United States of America; Cancer Biology Ph.D. Program, University of South Florida, Tampa, Florida 33612, United States of America","Conceived and designed the experiments: KMB HHC AIH JWW XZ GVM AFB RJG. Performed the experiments: KMB HHC AIH RL JWW AFB. Analyzed the data: KMB HHC AFB RJG. Contributed reagents/materials/analysis tools: KMB HHC AIH JWW CPH XZ GVM AFB RJG. Wrote the paper: KMB HHC AIH JWW CPH XZ GVM AFB RJG."
"10.1371/journal.pone.0113613","/Research and analysis methods/Specimen preparation and treatment/Staining/Cytoplasmic staining; /Medicine and health sciences/Pharmacology/Pharmacokinetics/Drug metabolism; /Biology and life sciences/Anatomy/Biological tissue/Ganglia; /Medicine and health sciences/Vascular medicine/Ischemia; /Biology and life sciences/Biochemistry/Neurochemistry/Neurotransmitters/Glutamate; /Medicine and health sciences/Anatomy/Biological tissue/Ganglia; /Biology and life sciences/Neuroscience/Neurochemistry/Neurotransmitters/Glutamate; /Biology and life sciences/Biochemistry/Oxidative damage/Reactive oxygen species; /Biology and life sciences/Cell biology/Cellular types/Animal cells/Neurons; /Medicine and health sciences/Critical care and emergency medicine/Reperfusion","PLoS ONE","Elisa Carpanese; Paola Moretto; Viviana Filpa; Silvia Marchet; Elisabetta Moro; Francesca Crema; Gianmario Frigo; Cristina Giaroni","Department of Clinical and Experimental Medicine, University of Insubria, Varese, Italy; Department of Surgical and Morphological Sciences, University of Insubria, Varese, Italy; Department of Internal Medicine and Therapeutics, University of Pavia, Pavia, Italy","Conceived and designed the experiments: EC PM VF SM CG. Performed the experiments: EC PM VF SM EM. Analyzed the data: EC VF CG. Contributed reagents/materials/analysis tools: FC GF CG. Wrote the paper: EC FC GF CG."
"10.1371/journal.pone.0135332","/Biology and life sciences/Molecular biology/Molecular biology techniques/Sequencing techniques/DNA sequencing/Next-generation sequencing; /Biology and life sciences/Molecular biology/Molecular biology techniques/Sequencing techniques/Nucleotide sequencing; /Biology and life sciences/Genetics/Heredity/Genetic mapping/Variant genotypes; /Research and analysis methods/Molecular biology techniques/Sequencing techniques/Nucleotide sequencing; /Biology and life sciences/Molecular biology/Molecular biology techniques/Sequencing techniques/Genome sequencing; /Physical sciences/Mathematics/Probability theory/Statistical distributions; /Biology and life sciences/Molecular biology/Molecular biology techniques/Sequencing techniques/Sequence analysis/Sequence alignment; /Research and analysis methods/Molecular biology techniques/Sequencing techniques/DNA sequencing/Next-generation sequencing; /Biology and life sciences/Genetics/Genetic loci/Alleles; /Physical sciences/Mathematics/Statistics (mathematics)/Statistical methods/Test statistics; /Research and analysis methods/Molecular biology techniques/Sequencing techniques/Sequence analysis/Sequence alignment; /Biology and life sciences/Genetics/Genomics/Genome analysis/Transcriptome analysis/Next-generation sequencing; /Biology and life sciences/Computational biology/Genome analysis/Transcriptome analysis/Next-generation sequencing; /Research and analysis methods/Molecular biology techniques/Sequencing techniques/Genome sequencing; /Research and analysis methods/Mathematical and statistical techniques/Statistical methods/Test statistics","PLOS ONE","Jiyuan Hu; Tengfei Li; Zidi Xiu; Hong Zhang","State Key Laboratory of Genetic Engineering and Institute of Biostatistics, School of Life Sciences, Fudan University, 220 Handan Road, Shanghai 200433, P. R. China; HKUST Jockey Club Institute for Advanced Study, The Hong Kong University of Science and Technology, Hong Kong, P.R. China","Conceived and designed the experiments: JH HZ. Performed the experiments: JH TL. Analyzed the data: JH ZX. Contributed reagents/materials/analysis tools: JH HZ. Wrote the paper: JH TL HZ."
"10.1371/journal.pone.0113474","/Biology and life sciences/Anatomy/Abdomen; /Medicine and health sciences/Anatomy/Abdomen; /Biology and life sciences/Anatomy/Ocular system/Eyes; /Computer and information sciences/Data management/Taxonomy/New species reports; /People and places/Geographical locations/Asia/China; /Medicine and health sciences/Anatomy/Ocular system/Ocular anatomy/Fovea centralis; /People and places/Geographical locations/North America; /Medicine and health sciences/Anatomy/Ocular system/Eyes; /Biology and life sciences/Anatomy/Ocular system/Ocular anatomy/Fovea centralis; /People and places/Geographical locations/Asia/Thailand; /Biology and life sciences/Organisms/Animals/Invertebrates/Arthropoda/Insects/Beetles; /Medicine and health sciences/Anatomy/Head/Eyes; /Biology and life sciences/Anatomy/Head/Eyes; /Biology and life sciences/Taxonomy/New species reports","PLoS ONE","Zi-Wei Yin; Li-Zhen Li","Department of Biology, College of Life and Environmental Sciences, Shanghai Normal University, Shanghai, P. R. China","Conceived and designed the experiments: ZWY LZL. Performed the experiments: ZWY. Analyzed the data: ZWY LZL. Contributed reagents/materials/analysis tools: ZWY LZL. Wrote the paper: ZWY."
"10.1371/journal.pone.0102180","/Research and analysis methods/Imaging techniques/In vivo imaging; /Medicine and health sciences/Oncology/Cancer treatment; /Medicine and health sciences/Hematology/Blood; /Research and analysis methods/Chromatographic techniques/Liquid chromatography/Reversed phase chromatography/Reversed-phase high performance liquid chromatography; /Research and analysis methods/Chromatographic techniques/Liquid chromatography/High performance liquid chromatography; /Medicine and health sciences/Anatomy/Body fluids/Blood; /Medicine and health sciences/Pharmacology/Pharmacokinetics/Drug metabolism; /Medicine and health sciences/Physiology/Body fluids/Blood; /Biology and life sciences/Anatomy/Body fluids/Blood; /Physical sciences/Chemistry/Radiochemistry/Radioactivity; /Research and analysis methods/Chromatographic techniques/Liquid chromatography/High performance liquid chromatography/Reversed-phase high performance liquid chromatography; /Biology and life sciences/Physiology/Body fluids/Blood; /Medicine and health sciences/Pharmacology/Routes of administration/Intravenous injections; /Physical sciences/Physics/Nuclear physics/Radioactivity","PLoS ONE","Takashi Temma; Hirofumi Hanaoka; Aki Yonezawa; Naoya Kondo; Kohei Sano; Takeharu Sakamoto; Motoharu Seiki; Masahiro Ono; Hideo Saji","Department of Patho-Functional Bioanalysis, Graduate School of Pharmaceutical Sciences, Kyoto University, Sakyo-ku, Kyoto, Japan; Department of Molecular Imaging and Radiotherapy, Graduate School of Pharmaceutical Sciences, Chiba University, Chuo-ku, Chiba, Japan; Radioisotopes Research Laboratory, Kyoto University Hospital, Faculty of Medicine, Kyoto University, Sakyo-ku, Kyoto, Japan; Division of Cancer Cell Research, Institute of Medical Science, The University of Tokyo, Minato-ku, Tokyo, Japan","Conceived and designed the experiments: TT HH HS. Performed the experiments: TT HH AY NK KS. Analyzed the data: TT HH AY MO HS. Contributed reagents/materials/analysis tools: TT HH TS MS HS. Wrote the paper: TT HH AY HS."
"10.1371/journal.pone.0102608","/Medicine and health sciences/Anatomy/Cardiovascular anatomy/Heart/Myocardium; /Medicine and health sciences/Surgical and invasive medical procedures/Electrical stimulation; /Physical sciences/Physics/Electricity/Electric field; /Biology and life sciences/Agriculture/Livestock/Swine; /Medicine and health sciences/Cardiology/Cardiac pacing; /Engineering and technology/Electronics/Electrodes/Anodes; /Biology and life sciences/Anatomy/Cardiovascular anatomy/Heart/Myocardium; /Engineering and technology/Measurement/Distance measurement; /Engineering and technology/Electronics/Electrodes/Cathodes; /Biology and life sciences/Organisms/Animals/Vertebrates/Mammals/Swine","PLoS ONE","Jin-Long Huang; Yenn-Jiang Lin; Yi-Wen Hung; Yu-Cheng Hsieh; Chien-Ming Cheng; Kuo-Yang Wang","Cardiovascular Center, Taichung Veterans General Hospital, Taichung, Taiwan; Institute of Clinical Medicine, and Cardiovascular Research Institute, Department of Medicine, School of Medicine, National Yang-Ming University, Taipei, Taiwan; Department of Medicine, School of Medicine, Chung-Shan Medical University, Taichung, Taiwan; Division of Cardiology, Department of Medicine, Taipei Veterans General Hospital, Taipei, Taiwan; Department of Education and Research, Taichung Veterans General Hospital, Department of Veterinary Medicine, College of Veterinary Medicine, National Chung Hsing University, Taichung, Taiwan; Division of Cardiology, Department of Medicine, Feng Yuan Hospital of the Ministry of Health and Welfare, Executive Yuan, Taichung City, Taiwan (R.O.C)","Conceived and designed the experiments: JLH Y-JL YCH. Performed the experiments: JLH Y-JL YWH CMC. Analyzed the data: JLH Y-JL. Contributed reagents/materials/analysis tools: JLH KYW. Contributed to the writing of the manuscript: JLH Y-JL."
"10.1371/journal.pone.0080846","/Biology and life sciences/Biochemistry/Nucleic acids/DNA/DNA modification/DNA methylation; /Biology and life sciences/Genetics/Heredity/Genetic mapping/Variant genotypes; /Biology and life sciences/Genetics/Epigenetics/Chromatin/Chromatin modification/DNA methylation; /Biology and life sciences/Genetics/Gene expression/Chromatin/Chromatin modification/DNA methylation; /Biology and life sciences/Genetics/Epigenetics; /Medicine and health sciences/Oncology/Cancers and neoplasms/Thymoma; /Biology and life sciences/Genetics/Epigenetics/DNA modification/DNA methylation; /Biology and life sciences/Immunology/Clinical immunology/Autoimmune diseases/Myasthenia gravis; /Biology and life sciences/Immunology/Immune system/Thymus; /Biology and life sciences/Genetics/Gene expression/DNA modification/DNA methylation; /Medicine and health sciences/Immunology/Clinical immunology/Autoimmune diseases/Myasthenia gravis; /Medicine and health sciences/Clinical medicine/Clinical immunology/Autoimmune diseases/Myasthenia gravis; /Biology and life sciences/Genetics/DNA/DNA modification/DNA methylation; /Biology and life sciences/Immunology/Clinical immunology/Autoimmune diseases; /Medicine and health sciences/Immunology/Clinical immunology/Autoimmune diseases; /Biology and life sciences/Genetics/Genetic loci/Alleles; /Medicine and health sciences/Immunology/Immune system/Thymus; /Biology and life sciences/Cell biology/Chromosome biology/Chromatin/Chromatin modification/DNA methylation; /Medicine and health sciences/Clinical medicine/Clinical immunology/Autoimmune diseases","PLoS ONE","Fabio Coppedè; Roberta Ricciardi; Maria Denaro; Anna De Rosa; Carlo Provenzano; Emanuela Bartoccioni; Angelo Baggiani; Marco Lucchi; Alfredo Mussi; Lucia Migliore","Department of Translational Research and New Technologies in Medicine and Surgery, University of Pisa, Pisa, Italy; Division of Neurology, Department of Neuroscience, University of Pisa, Pisa, Italy; Division of Thoracic Surgery, Cardiac and Thoracic Department, University of Pisa, Pisa, Italy; Institute of General Pathology, Catholic University of Rome, Rome, Italy","Conceived and designed the experiments: FC LM. Performed the experiments: FC MD. Analyzed the data: FC MD ADR AB. Contributed reagents/materials/analysis tools: FC RR CP EB ML AM LM. Wrote the manuscript: FC."
"10.1371/journal.pone.0057430","/Medicine and health sciences/Neurology/Demyelinating disorders/Multiple sclerosis; /Medicine and health sciences/Anatomy/Biological tissue/Ganglia; /Biology and life sciences/Cell biology/Cytochemistry/Immunocytochemistry; /Medicine and health sciences/Anatomy/Biological tissue/Epithelium/Epithelial cells/Endothelial cells; /Biology and life sciences/Immunology/Immunomodulation; /Medicine and health sciences/Immunology/Clinical immunology/Autoimmune diseases/Multiple sclerosis; /Biology and life sciences/Molecular biology/Molecular biology techniques/Molecular biology assays and analysis techniques/Gene expression and vector techniques/Hyperexpression techniques; /Biology and life sciences/Biochemistry/Cytochemistry/Immunocytochemistry; /Biology and life sciences/Biochemistry/Proteins/Cytoskeletal proteins/Actins; /Medicine and health sciences/Clinical medicine/Clinical immunology/Autoimmune diseases/Multiple sclerosis; /Biology and life sciences/Immunology/Immune system proteins/Antibodies; /Medicine and health sciences/Physiology/Immune physiology/Antibodies; /Biology and life sciences/Anatomy/Biological tissue/Ganglia; /Medicine and health sciences/Immunology/Immunomodulation; /Biology and life sciences/Biochemistry/Proteins/Contractile proteins/Actins; /Research and analysis methods/Molecular biology techniques/Molecular biology assays and analysis techniques/Gene expression and vector techniques/Hyperexpression techniques; /Medicine and health sciences/Neurology/Neurodegenerative diseases/Multiple sclerosis; /Biology and life sciences/Physiology/Immune physiology/Antibodies; /Medicine and health sciences/Immunology/Immune system proteins/Antibodies; /Biology and life sciences/Biochemistry/Proteins/Immune system proteins/Antibodies; /Biology and life sciences/Anatomy/Biological tissue/Epithelium/Epithelial cells/Endothelial cells; /Biology and life sciences/Immunology/Clinical immunology/Autoimmune diseases/Multiple sclerosis; /Biology and life sciences/Cell biology/Cellular types/Animal cells/Epithelial cells/Endothelial cells","PLoS ONE","Cyrille Deboux; Sophia Ladraa; Sylvie Cazaubon; Siham Ghribi-Mallah; Nicolas Weiss; Nathalie Chaverot; Pierre Olivier Couraud; Anne Baron-Van Evercooren","Université Pierre et Marie Curie-Paris 6, Centre de Recherche de l’Institut du Cerveau et de la Moelle Epinière, UMR-S975, Paris, France; Inserm, U 975, Paris, France; CNRS, UMR 7225, Paris, France; Assitance Publique-Hôpitaux de Paris, Hôpital Pitié-Salpêtrière, Fédération de Neurologie; Inserm, U1016, Institut Cochin, Paris, France; CNRS (UMR8104), Paris Descartes, France; Université Paris Descartes, Sorbonne Paris Cité, Paris, France","Conceived and designed the experiments: CD SC NW POC AB-VE. Performed the experiments: CD SL SC SG-M NW NC. Analyzed the data: CD NW POC AB-VE. Wrote the paper: CD SC NW POC AB-VE."
"10.1371/journal.pone.0024008","/Medicine and health sciences/Anatomy/Ocular system/Ocular anatomy/Corneal epithelium; /Biology and life sciences/Anatomy/Ocular system/Eyes; /Physical sciences/Physics/Classical mechanics/Reflection; /Biology and life sciences/Cell biology/Cellular types/Animal cells/Epithelial cells; /Medicine and health sciences/Anatomy/Biological tissue/Epithelium; /Medicine and health sciences/Anatomy/Ocular system/Ocular anatomy/Cornea; /Medicine and health sciences/Anatomy/Biological tissue/Epithelium/Epithelial cells; /Biology and life sciences/Anatomy/Ocular system/Ocular anatomy/Cornea; /Research and analysis methods/Imaging techniques; /Biology and life sciences/Anatomy/Ocular system/Ocular anatomy/Corneal epithelium; /Biology and life sciences/Anatomy/Biological tissue/Epithelium; /Medicine and health sciences/Anatomy/Ocular system/Eyes; /Biology and life sciences/Anatomy/Biological tissue/Epithelium/Epithelial cells; /Medicine and health sciences/Anatomy/Head/Eyes; /Biology and life sciences/Anatomy/Head/Eyes; /Biology and life sciences/Cell biology/Cellular structures and organelles/Cell membranes","PLoS ONE","Connie Tam; Jeffrey LeDue; James J Mun; Paul Herzmark; Ellen A Robey; David J Evans; Suzanne M J Fleiszig","School of Optometry, University of California, Berkeley, California, United States of America; Program in Vision Science, University of California, Berkeley, California, United States of America; Department of Molecular and Cell Biology, University of California, Berkeley, California, United States of America; College of Pharmacy, Touro University California, Vallejo, California, United States of America; Programs in Infectious Diseases and Immunity and Microbiology, University of California, Berkeley, California, United States of America","Conceived and designed the experiments: CT DJE EAR SMJF. Performed the experiments: CT JL JJM PH. Analyzed the data: CT JL EAR DJE SMJF. Wrote the paper: CT JL EAR DJE SMJF. Developed the traversal quantification method: JL CT."
